id,class,date,agent,ip,vote_id
2397,2,2022-05-01 12:27:24,1,1,
2398,7,2022-05-01 12:27:24,1,1,2397
2399,2,2022-05-01 12:27:31,1,2,
2400,7,2022-05-01 12:27:31,1,2,2399
2401,1,2022-05-01 12:27:35,2,3,
2402,11,2022-05-01 12:27:35,2,3,2401
2403,6,2022-05-01 12:27:40,1,1,
2404,11,2022-05-01 12:27:40,1,1,2403
2405,2,2022-05-01 12:27:41,3,4,
2406,11,2022-05-01 12:27:44,3,4,
2407,5,2022-05-01 12:27:45,4,4,
2408,12,2022-05-01 12:27:45,4,4,2407
2409,6,2022-05-01 12:27:51,1,2,
2410,10,2022-05-01 12:27:51,1,2,2409
2411,12,2022-05-01 12:27:53,3,4,
2412,6,2022-05-01 12:27:53,1,1,
2413,11,2022-05-01 12:27:53,1,1,2412
2414,2,2022-05-01 12:27:56,5,5,
2415,8,2022-05-01 12:27:56,5,5,2414
2416,6,2022-05-01 12:28:00,4,4,
2417,12,2022-05-01 12:28:00,4,4,2416
2418,2,2022-05-01 12:28:01,5,5,
2419,8,2022-05-01 12:28:01,5,5,2418
2420,12,2022-05-01 12:28:01,3,4,
2421,4,2022-05-01 12:28:09,6,6,
2422,11,2022-05-01 12:28:09,6,6,2421
2423,2,2022-05-01 12:28:15,3,4,
2424,12,2022-05-01 12:28:16,4,4,
2425,2,2022-05-01 12:28:16,7,7,
2426,10,2022-05-01 12:28:16,7,7,2425
2427,2,2022-05-01 12:28:18,7,7,
2428,10,2022-05-01 12:28:18,7,7,2427
2429,11,2022-05-01 12:28:18,6,6,
2430,7,2022-05-01 12:28:19,3,4,
2431,2,2022-05-01 12:28:22,7,7,
2432,10,2022-05-01 12:28:22,7,7,2431
2433,12,2022-05-01 12:28:22,4,4,
2434,2,2022-05-01 12:28:25,7,7,
2435,10,2022-05-01 12:28:25,7,7,2434
2436,3,2022-05-01 12:28:27,2,3,
2437,10,2022-05-01 12:28:27,2,3,2436
2438,1,2022-05-01 12:28:28,1,2,
2439,12,2022-05-01 12:28:28,1,2,2438
2440,2,2022-05-01 12:28:29,7,7,
2441,10,2022-05-01 12:28:29,7,7,2440
2442,4,2022-05-01 12:28:32,8,8,
2443,11,2022-05-01 12:28:32,8,8,2442
2444,3,2022-05-01 12:28:33,2,3,
2445,12,2022-05-01 12:28:33,2,3,2444
2446,1,2022-05-01 12:28:41,2,3,
2447,11,2022-05-01 12:28:41,2,3,2446
2448,10,2022-05-01 12:28:41,7,7,
2449,6,2022-05-01 12:28:41,8,8,
2450,8,2022-05-01 12:28:41,8,8,2449
2451,10,2022-05-01 12:28:43,7,7,
2452,3,2022-05-01 12:28:44,2,3,
2453,12,2022-05-01 12:28:44,2,3,2452
2454,10,2022-05-01 12:28:45,9,4,
2455,6,2022-05-01 12:28:46,10,9,
2456,12,2022-05-01 12:28:46,10,9,2455
2457,5,2022-05-01 12:28:48,4,4,
2458,3,2022-05-01 12:28:48,8,8,
2459,12,2022-05-01 12:28:48,8,8,2458
2460,6,2022-05-01 12:28:49,1,2,
2461,11,2022-05-01 12:28:49,1,2,2460
2462,1,2022-05-01 12:28:49,7,7,
2463,9,2022-05-01 12:28:49,7,7,2462
2464,6,2022-05-01 12:28:50,2,3,
2465,9,2022-05-01 12:28:50,2,3,2464
2466,6,2022-05-01 12:28:50,1,1,
2467,12,2022-05-01 12:28:50,1,1,2466
2468,2,2022-05-01 12:28:51,3,4,
2469,6,2022-05-01 12:28:53,10,9,
2470,12,2022-05-01 12:28:53,10,9,2469
2471,1,2022-05-01 12:28:53,1,2,
2472,11,2022-05-01 12:28:53,1,2,2471
2473,2,2022-05-01 12:28:54,11,10,
2474,9,2022-05-01 12:28:54,11,10,2473
2475,1,2022-05-01 12:28:54,7,7,
2476,9,2022-05-01 12:28:54,7,7,2475
2477,4,2022-05-01 12:28:55,12,11,
2478,10,2022-05-01 12:28:55,12,11,2477
2479,5,2022-05-01 12:28:56,6,6,
2480,8,2022-05-01 12:28:56,6,6,2479
2481,10,2022-05-01 12:28:57,9,4,
2482,1,2022-05-01 12:28:57,7,7,
2483,9,2022-05-01 12:28:57,7,7,2482
2484,6,2022-05-01 12:28:58,2,3,
2485,11,2022-05-01 12:28:58,2,3,2484
2486,6,2022-05-01 12:28:58,8,8,
2487,9,2022-05-01 12:28:58,8,8,2486
2488,11,2022-05-01 12:28:58,3,4,
2489,4,2022-05-01 12:29:00,12,11,
2490,10,2022-05-01 12:29:00,12,11,2489
2491,4,2022-05-01 12:29:03,4,4,
2492,12,2022-05-01 12:29:03,4,4,2491
2493,4,2022-05-01 12:29:03,12,11,
2494,10,2022-05-01 12:29:03,12,11,2493
2495,6,2022-05-01 12:29:04,8,8,
2496,7,2022-05-01 12:29:04,8,8,2495
2497,6,2022-05-01 12:29:05,1,1,
2498,12,2022-05-01 12:29:05,1,1,2497
2499,1,2022-05-01 12:29:05,7,7,
2500,11,2022-05-01 12:29:05,7,7,2499
2501,4,2022-05-01 12:29:06,6,6,
2502,10,2022-05-01 12:29:06,6,6,2501
2503,1,2022-05-01 12:29:06,3,4,
2504,4,2022-05-01 12:29:08,6,6,
2505,10,2022-05-01 12:29:08,6,6,2504
2506,6,2022-05-01 12:29:09,12,11,
2507,10,2022-05-01 12:29:09,12,11,2506
2508,4,2022-05-01 12:29:09,2,3,
2509,10,2022-05-01 12:29:09,2,3,2508
2510,3,2022-05-01 12:29:10,1,2,
2511,8,2022-05-01 12:29:10,1,2,2510
2512,1,2022-05-01 12:29:11,11,10,
2513,9,2022-05-01 12:29:11,11,10,2512
2514,4,2022-05-01 12:29:12,4,4,
2515,11,2022-05-01 12:29:12,4,4,2514
2516,2,2022-05-01 12:29:13,8,9,
2517,10,2022-05-01 12:29:13,8,9,2516
2518,11,2022-05-01 12:29:15,3,4,
2519,1,2022-05-01 12:29:16,7,7,
2520,10,2022-05-01 12:29:16,7,7,2519
2521,10,2022-05-01 12:29:19,6,6,
2522,3,2022-05-01 12:29:19,10,9,
2523,12,2022-05-01 12:29:19,10,9,2522
2524,3,2022-05-01 12:29:20,1,2,
2525,8,2022-05-01 12:29:20,1,2,2524
2526,2,2022-05-01 12:29:22,11,10,
2527,3,2022-05-01 12:29:22,12,11,
2528,4,2022-05-01 12:29:22,2,3,
2529,9,2022-05-01 12:29:22,12,11,2527
2530,10,2022-05-01 12:29:22,2,3,2528
2531,6,2022-05-01 12:29:22,3,4,
2532,6,2022-05-01 12:29:23,4,4,
2533,10,2022-05-01 12:29:23,4,4,2532
2534,3,2022-05-01 12:29:23,1,2,
2535,8,2022-05-01 12:29:23,1,2,2534
2536,1,2022-05-01 12:29:24,7,7,
2537,11,2022-05-01 12:29:24,7,7,2536
2538,2,2022-05-01 12:29:24,8,9,
2539,10,2022-05-01 12:29:24,8,9,2538
2540,6,2022-05-01 12:29:24,6,6,
2541,11,2022-05-01 12:29:25,3,4,
2542,4,2022-05-01 12:29:25,2,3,
2543,10,2022-05-01 12:29:25,2,3,2542
2544,6,2022-05-01 12:29:27,8,8,
2545,8,2022-05-01 12:29:27,8,8,2544
2546,2,2022-05-01 12:29:29,11,10,
2547,9,2022-05-01 12:29:29,11,10,2546
2548,6,2022-05-01 12:29:31,12,11,
2549,8,2022-05-01 12:29:31,12,11,2548
2550,6,2022-05-01 12:29:31,4,4,
2551,11,2022-05-01 12:29:31,4,4,2550
2552,6,2022-05-01 12:29:32,5,5,
2553,12,2022-05-01 12:29:32,5,5,2552
2554,4,2022-05-01 12:29:32,2,3,
2555,10,2022-05-01 12:29:32,2,3,2554
2556,1,2022-05-01 12:29:33,7,7,
2557,11,2022-05-01 12:29:33,7,7,2556
2558,1,2022-05-01 12:29:33,1,1,
2559,11,2022-05-01 12:29:33,1,1,2558
2560,4,2022-05-01 12:29:34,2,3,
2561,10,2022-05-01 12:29:34,2,3,2560
2562,2,2022-05-01 12:29:35,11,10,
2563,11,2022-05-01 12:29:35,11,10,2562
2564,6,2022-05-01 12:29:36,8,8,
2565,9,2022-05-01 12:29:36,8,8,2564
2566,1,2022-05-01 12:29:36,7,7,
2567,11,2022-05-01 12:29:36,7,7,2566
2568,6,2022-05-01 12:29:36,3,4,
2569,6,2022-05-01 12:29:37,4,4,
2570,12,2022-05-01 12:29:37,4,4,2569
2571,4,2022-05-01 12:29:38,6,6,
2572,11,2022-05-01 12:29:38,6,6,2571
2573,12,2022-05-01 12:29:40,6,6,
2574,6,2022-05-01 12:29:40,5,5,
2575,11,2022-05-01 12:29:40,5,5,2574
2576,6,2022-05-01 12:29:41,4,4,
2577,12,2022-05-01 12:29:41,4,4,2576
2578,12,2022-05-01 12:29:41,6,6,
2579,11,2022-05-01 12:29:42,3,4,
2580,1,2022-05-01 12:29:44,1,1,
2581,7,2022-05-01 12:29:44,1,1,2580
2582,6,2022-05-01 12:29:45,12,11,
2583,11,2022-05-01 12:29:45,12,11,2582
2584,5,2022-05-01 12:29:45,7,7,
2585,12,2022-05-01 12:29:45,7,7,2584
2586,6,2022-05-01 12:29:45,8,8,
2587,11,2022-05-01 12:29:45,8,8,2586
2588,3,2022-05-01 12:29:46,4,4,
2589,6,2022-05-01 12:29:46,1,2,
2590,8,2022-05-01 12:29:46,1,2,2589
2591,3,2022-05-01 12:29:47,8,9,
2592,10,2022-05-01 12:29:47,8,9,2591
2593,11,2022-05-01 12:29:50,4,4,
2594,6,2022-05-01 12:29:50,6,6,
2595,12,2022-05-01 12:29:50,6,6,2594
2596,6,2022-05-01 12:29:50,5,5,
2597,12,2022-05-01 12:29:50,5,5,2596
2598,4,2022-05-01 12:29:50,2,3,
2599,7,2022-05-01 12:29:50,2,3,2598
2600,6,2022-05-01 12:29:51,1,2,
2601,8,2022-05-01 12:29:51,1,2,2600
2602,3,2022-05-01 12:29:51,8,9,
2603,10,2022-05-01 12:29:51,8,9,2602
2604,6,2022-05-01 12:29:51,8,8,
2605,11,2022-05-01 12:29:51,8,8,2604
2606,4,2022-05-01 12:29:52,2,3,
2607,7,2022-05-01 12:29:52,2,3,2606
2608,6,2022-05-01 12:29:53,6,6,
2609,12,2022-05-01 12:29:53,6,6,2608
2610,10,2022-05-01 12:29:53,11,10,
2611,1,2022-05-01 12:29:54,1,1,
2612,11,2022-05-01 12:29:54,1,1,2611
2613,12,2022-05-01 12:29:54,4,4,
2614,3,2022-05-01 12:29:54,10,9,
2615,10,2022-05-01 12:29:54,10,9,2614
2616,6,2022-05-01 12:29:57,5,5,
2617,12,2022-05-01 12:29:57,5,5,2616
2618,2,2022-05-01 12:29:58,4,4,
2619,12,2022-05-01 12:29:58,4,4,2618
2620,10,2022-05-01 12:29:58,11,10,
2621,5,2022-05-01 12:29:59,7,7,
2622,11,2022-05-01 12:29:59,7,7,2621
2623,3,2022-05-01 12:30:00,12,11,
2624,11,2022-05-01 12:30:00,12,11,2623
2625,3,2022-05-01 12:30:00,3,4,
2626,11,2022-05-01 12:30:00,3,4,2625
2627,2,2022-05-01 12:30:02,5,5,
2628,12,2022-05-01 12:30:02,5,5,2627
2629,4,2022-05-01 12:30:02,8,8,
2630,9,2022-05-01 12:30:02,8,8,2629
2631,6,2022-05-01 12:30:03,4,4,
2632,11,2022-05-01 12:30:03,4,4,2631
2633,1,2022-05-01 12:30:03,2,3,
2634,11,2022-05-01 12:30:03,2,3,2633
2635,3,2022-05-01 12:30:05,1,1,
2636,11,2022-05-01 12:30:05,1,1,2635
2637,6,2022-05-01 12:30:06,7,7,
2638,12,2022-05-01 12:30:06,7,7,2637
2639,4,2022-05-01 12:30:07,1,2,
2640,9,2022-05-01 12:30:07,1,2,2639
2641,6,2022-05-01 12:30:07,12,11,
2642,8,2022-05-01 12:30:07,12,11,2641
2643,10,2022-05-01 12:30:08,6,6,
2644,8,2022-05-01 12:30:08,11,10,
2645,6,2022-05-01 12:30:08,5,5,
2646,11,2022-05-01 12:30:08,5,5,2645
2647,3,2022-05-01 12:30:09,8,8,
2648,9,2022-05-01 12:30:09,8,8,2647
2649,2,2022-05-01 12:30:09,8,9,
2650,10,2022-05-01 12:30:09,8,9,2649
2651,6,2022-05-01 12:30:10,7,7,
2652,11,2022-05-01 12:30:10,7,7,2651
2653,10,2022-05-01 12:30:10,6,6,
2654,5,2022-05-01 12:30:10,4,4,
2655,11,2022-05-01 12:30:10,4,4,2654
2656,6,2022-05-01 12:30:10,3,4,
2657,10,2022-05-01 12:30:10,3,4,2656
2658,4,2022-05-01 12:30:11,1,2,
2659,9,2022-05-01 12:30:11,1,2,2658
2660,5,2022-05-01 12:30:12,12,11,
2661,11,2022-05-01 12:30:12,12,11,2660
2662,4,2022-05-01 12:30:12,2,3,
2663,11,2022-05-01 12:30:12,2,3,2662
2664,1,2022-05-01 12:30:13,7,7,
2665,10,2022-05-01 12:30:13,7,7,2664
2666,4,2022-05-01 12:30:14,6,6,
2667,10,2022-05-01 12:30:14,6,6,2666
2668,3,2022-05-01 12:30:15,1,1,
2669,8,2022-05-01 12:30:15,1,1,2668
2670,2,2022-05-01 12:30:16,8,9,
2671,10,2022-05-01 12:30:16,8,9,2670
2672,4,2022-05-01 12:30:16,8,8,
2673,9,2022-05-01 12:30:16,8,8,2672
2674,6,2022-05-01 12:30:16,4,4,
2675,11,2022-05-01 12:30:16,4,4,2674
2676,6,2022-05-01 12:30:18,11,10,
2677,7,2022-05-01 12:30:18,11,10,2676
2678,5,2022-05-01 12:30:18,12,11,
2679,11,2022-05-01 12:30:18,12,11,2678
2680,6,2022-05-01 12:30:18,3,4,
2681,12,2022-05-01 12:30:18,3,4,2680
2682,4,2022-05-01 12:30:19,1,2,
2683,9,2022-05-01 12:30:19,1,2,2682
2684,4,2022-05-01 12:30:19,5,5,
2685,11,2022-05-01 12:30:19,5,5,2684
2686,1,2022-05-01 12:30:20,7,7,
2687,9,2022-05-01 12:30:20,7,7,2686
2688,3,2022-05-01 12:30:20,2,3,
2689,10,2022-05-01 12:30:20,2,3,2688
2690,4,2022-05-01 12:30:22,5,5,
2691,11,2022-05-01 12:30:22,5,5,2690
2692,6,2022-05-01 12:30:22,4,4,
2693,11,2022-05-01 12:30:22,4,4,2692
2694,8,2022-05-01 12:30:22,6,6,
2695,6,2022-05-01 12:30:23,11,10,
2696,7,2022-05-01 12:30:23,11,10,2695
2697,11,2022-05-01 12:30:24,12,11,
2698,6,2022-05-01 12:30:25,3,4,
2699,11,2022-05-01 12:30:25,3,4,2698
2700,11,2022-05-01 12:30:26,6,6,
2701,4,2022-05-01 12:30:26,8,8,
2702,9,2022-05-01 12:30:26,8,8,2701
2703,3,2022-05-01 12:30:26,2,3,
2704,12,2022-05-01 12:30:26,2,3,2703
2705,5,2022-05-01 12:30:28,4,4,
2706,10,2022-05-01 12:30:28,4,4,2705
2707,5,2022-05-01 12:30:28,12,11,
2708,10,2022-05-01 12:30:28,12,11,2707
2709,5,2022-05-01 12:30:29,1,1,
2710,11,2022-05-01 12:30:29,1,1,2709
2711,4,2022-05-01 12:30:29,5,5,
2712,11,2022-05-01 12:30:29,5,5,2711
2713,3,2022-05-01 12:30:29,2,3,
2714,10,2022-05-01 12:30:29,2,3,2713
2715,1,2022-05-01 12:30:30,7,7,
2716,10,2022-05-01 12:30:30,7,7,2715
2717,6,2022-05-01 12:30:30,8,9,
2718,12,2022-05-01 12:30:30,8,9,2717
2719,1,2022-05-01 12:30:32,7,7,
2720,10,2022-05-01 12:30:32,7,7,2719
2721,6,2022-05-01 12:30:33,8,9,
2722,12,2022-05-01 12:30:33,8,9,2721
2723,6,2022-05-01 12:30:33,1,2,
2724,11,2022-05-01 12:30:33,1,2,2723
2725,6,2022-05-01 12:30:34,5,5,
2726,10,2022-05-01 12:30:34,5,5,2725
2727,1,2022-05-01 12:30:34,7,7,
2728,9,2022-05-01 12:30:34,7,7,2727
2729,6,2022-05-01 12:30:34,11,10,
2730,8,2022-05-01 12:30:34,11,10,2729
2731,5,2022-05-01 12:30:35,1,1,
2732,10,2022-05-01 12:30:35,1,1,2731
2733,6,2022-05-01 12:30:36,8,8,
2734,10,2022-05-01 12:30:36,8,8,2733
2735,4,2022-05-01 12:30:36,12,11,
2736,10,2022-05-01 12:30:36,12,11,2735
2737,6,2022-05-01 12:30:37,1,2,
2738,11,2022-05-01 12:30:37,1,2,2737
2739,6,2022-05-01 12:30:38,7,7,
2740,11,2022-05-01 12:30:38,7,7,2739
2741,2,2022-05-01 12:30:40,5,5,
2742,10,2022-05-01 12:30:40,5,5,2741
2743,5,2022-05-01 12:30:40,4,4,
2744,10,2022-05-01 12:30:40,4,4,2743
2745,4,2022-05-01 12:30:40,6,6,
2746,10,2022-05-01 12:30:40,6,6,2745
2747,5,2022-05-01 12:30:41,2,3,
2748,10,2022-05-01 12:30:41,2,3,2747
2749,5,2022-05-01 12:30:41,3,4,
2750,12,2022-05-01 12:30:41,3,4,2749
2751,6,2022-05-01 12:30:41,7,7,
2752,11,2022-05-01 12:30:41,7,7,2751
2753,6,2022-05-01 12:30:41,1,1,
2754,8,2022-05-01 12:30:41,1,1,2753
2755,10,2022-05-01 12:30:42,6,6,
2756,5,2022-05-01 12:30:45,12,11,
2757,10,2022-05-01 12:30:45,12,11,2756
2758,6,2022-05-01 12:30:45,5,5,
2759,12,2022-05-01 12:30:45,5,5,2758
2760,1,2022-05-01 12:30:46,7,7,
2761,9,2022-05-01 12:30:46,7,7,2760
2762,6,2022-05-01 12:30:47,8,8,
2763,12,2022-05-01 12:30:47,8,8,2762
2764,5,2022-05-01 12:30:47,1,2,
2765,12,2022-05-01 12:30:47,1,2,2764
2766,5,2022-05-01 12:30:47,6,6,
2767,6,2022-05-01 12:30:48,4,4,
2768,8,2022-05-01 12:30:48,4,4,2767
2769,5,2022-05-01 12:30:48,2,3,
2770,11,2022-05-01 12:30:48,2,3,2769
2771,4,2022-05-01 12:30:49,12,11,
2772,10,2022-05-01 12:30:49,12,11,2771
2773,6,2022-05-01 12:30:49,5,5,
2774,12,2022-05-01 12:30:49,5,5,2773
2775,7,2022-05-01 12:30:50,11,10,
2776,6,2022-05-01 12:30:51,4,4,
2777,8,2022-05-01 12:30:51,4,4,2776
2778,5,2022-05-01 12:30:53,6,6,
2779,8,2022-05-01 12:30:53,6,6,2778
2780,6,2022-05-01 12:30:54,1,1,
2781,8,2022-05-01 12:30:54,1,1,2780
2782,1,2022-05-01 12:30:54,7,7,
2783,9,2022-05-01 12:30:54,7,7,2782
2784,4,2022-05-01 12:30:54,12,11,
2785,10,2022-05-01 12:30:54,12,11,2784
2786,5,2022-05-01 12:30:55,5,5,
2787,12,2022-05-01 12:30:55,5,5,2786
2788,8,2022-05-01 12:30:55,6,6,
2789,3,2022-05-01 12:30:55,10,9,
2790,12,2022-05-01 12:30:55,10,9,2789
2791,6,2022-05-01 12:30:56,2,3,
2792,11,2022-05-01 12:30:56,2,3,2791
2793,12,2022-05-01 12:30:56,11,10,
2794,6,2022-05-01 12:30:57,8,8,
2795,12,2022-05-01 12:30:57,8,8,2794
2796,1,2022-05-01 12:31:00,5,5,
2797,5,2022-05-01 12:31:00,2,3,
2798,10,2022-05-01 12:31:00,2,3,2797
2799,4,2022-05-01 12:31:01,7,7,
2800,10,2022-05-01 12:31:01,7,7,2799
2801,5,2022-05-01 12:31:01,12,11,
2802,10,2022-05-01 12:31:01,12,11,2801
2803,3,2022-05-01 12:31:01,3,4,
2804,12,2022-05-01 12:31:01,3,4,2803
2805,6,2022-05-01 12:31:02,1,2,
2806,8,2022-05-01 12:31:02,1,2,2805
2807,12,2022-05-01 12:31:02,11,10,
2808,3,2022-05-01 12:31:04,6,6,
2809,8,2022-05-01 12:31:04,6,6,2808
2810,2,2022-05-01 12:31:04,5,5,
2811,2,2022-05-01 12:31:04,8,9,
2812,12,2022-05-01 12:31:04,8,9,2811
2813,4,2022-05-01 12:31:05,7,7,
2814,10,2022-05-01 12:31:05,7,7,2813
2815,1,2022-05-01 12:31:06,2,3,
2816,11,2022-05-01 12:31:06,2,3,2815
2817,6,2022-05-01 12:31:07,8,8,
2818,12,2022-05-01 12:31:07,8,8,2817
2819,6,2022-05-01 12:31:07,1,1,
2820,7,2022-05-01 12:31:07,1,1,2819
2821,3,2022-05-01 12:31:07,4,4,
2822,11,2022-05-01 12:31:07,4,4,2821
2823,2,2022-05-01 12:31:07,8,9,
2824,12,2022-05-01 12:31:07,8,9,2823
2825,4,2022-05-01 12:31:08,7,7,
2826,10,2022-05-01 12:31:08,7,7,2825
2827,3,2022-05-01 12:31:09,4,4,
2828,11,2022-05-01 12:31:09,4,4,2827
2829,3,2022-05-01 12:31:09,3,4,
2830,12,2022-05-01 12:31:09,3,4,2829
2831,3,2022-05-01 12:31:10,6,6,
2832,4,2022-05-01 12:31:11,12,11,
2833,12,2022-05-01 12:31:11,12,11,2832
2834,3,2022-05-01 12:31:11,4,4,
2835,11,2022-05-01 12:31:11,4,4,2834
2836,5,2022-05-01 12:31:12,2,3,
2837,7,2022-05-01 12:31:12,2,3,2836
2838,10,2022-05-01 12:31:12,11,10,
2839,2,2022-05-01 12:31:14,7,7,
2840,12,2022-05-01 12:31:14,7,7,2839
2841,5,2022-05-01 12:31:16,2,3,
2842,7,2022-05-01 12:31:16,2,3,2841
2843,6,2022-05-01 12:31:17,8,8,
2844,7,2022-05-01 12:31:17,8,8,2843
2845,6,2022-05-01 12:31:18,12,11,
2846,10,2022-05-01 12:31:18,12,11,2845
2847,6,2022-05-01 12:31:20,4,4,
2848,10,2022-05-01 12:31:20,4,4,2847
2849,4,2022-05-01 12:31:20,2,3,
2850,9,2022-05-01 12:31:20,2,3,2849
2851,4,2022-05-01 12:31:20,3,4,
2852,11,2022-05-01 12:31:20,3,4,2851
2853,3,2022-05-01 12:31:20,1,2,
2854,12,2022-05-01 12:31:20,1,2,2853
2855,6,2022-05-01 12:31:21,7,7,
2856,10,2022-05-01 12:31:21,7,7,2855
2857,4,2022-05-01 12:31:21,8,9,
2858,12,2022-05-01 12:31:21,8,9,2857
2859,4,2022-05-01 12:31:22,6,6,
2860,9,2022-05-01 12:31:22,6,6,2859
2861,5,2022-05-01 12:31:22,12,11,
2862,8,2022-05-01 12:31:22,12,11,2861
2863,11,2022-05-01 12:31:23,1,1,
2864,6,2022-05-01 12:31:23,8,8,
2865,7,2022-05-01 12:31:23,8,8,2864
2866,6,2022-05-01 12:31:23,10,9,
2867,12,2022-05-01 12:31:23,10,9,2866
2868,3,2022-05-01 12:31:25,4,4,
2869,9,2022-05-01 12:31:25,4,4,2868
2870,3,2022-05-01 12:31:25,1,2,
2871,12,2022-05-01 12:31:25,1,2,2870
2872,5,2022-05-01 12:31:26,2,3,
2873,7,2022-05-01 12:31:26,2,3,2872
2874,4,2022-05-01 12:31:26,7,7,
2875,8,2022-05-01 12:31:26,7,7,2874
2876,4,2022-05-01 12:31:28,3,4,
2877,11,2022-05-01 12:31:28,3,4,2876
2878,1,2022-05-01 12:31:30,4,4,
2879,11,2022-05-01 12:31:30,4,4,2878
2880,4,2022-05-01 12:31:30,7,7,
2881,8,2022-05-01 12:31:30,7,7,2880
2882,4,2022-05-01 12:31:30,12,11,
2883,10,2022-05-01 12:31:30,12,11,2882
2884,1,2022-05-01 12:31:31,1,1,
2885,9,2022-05-01 12:31:31,1,1,2884
2886,6,2022-05-01 12:31:31,11,10,
2887,11,2022-05-01 12:31:31,11,10,2886
2888,4,2022-05-01 12:31:34,12,11,
2889,10,2022-05-01 12:31:34,12,11,2888
2890,3,2022-05-01 12:31:36,1,2,
2891,12,2022-05-01 12:31:36,1,2,2890
2892,1,2022-05-01 12:31:36,11,10,
2893,11,2022-05-01 12:31:36,11,10,2892
2894,1,2022-05-01 12:31:36,4,4,
2895,10,2022-05-01 12:31:36,4,4,2894
2896,6,2022-05-01 12:31:38,2,3,
2897,11,2022-05-01 12:31:38,2,3,2896
2898,5,2022-05-01 12:31:40,6,6,
2899,8,2022-05-01 12:31:40,6,6,2898
2900,1,2022-05-01 12:31:40,1,1,
2901,11,2022-05-01 12:31:40,1,1,2900
2902,6,2022-05-01 12:31:41,12,11,
2903,11,2022-05-01 12:31:41,12,11,2902
2904,11,2022-05-01 12:31:41,11,10,
2905,6,2022-05-01 12:31:43,4,4,
2906,10,2022-05-01 12:31:43,4,4,2905
2907,3,2022-05-01 12:31:44,8,8,
2908,11,2022-05-01 12:31:44,8,8,2907
2909,3,2022-05-01 12:31:44,5,5,
2910,11,2022-05-01 12:31:44,5,5,2909
2911,6,2022-05-01 12:31:45,7,7,
2912,8,2022-05-01 12:31:45,7,7,2911
2913,6,2022-05-01 12:31:46,11,10,
2914,10,2022-05-01 12:31:46,11,10,2913
2915,8,2022-05-01 12:31:46,12,11,
2916,3,2022-05-01 12:31:47,8,8,
2917,11,2022-05-01 12:31:47,8,8,2916
2918,2,2022-05-01 12:31:47,1,2,
2919,12,2022-05-01 12:31:47,1,2,2918
2920,6,2022-05-01 12:31:48,7,7,
2921,8,2022-05-01 12:31:48,7,7,2920
2922,1,2022-05-01 12:31:49,4,4,
2923,10,2022-05-01 12:31:49,4,4,2922
2924,6,2022-05-01 12:31:49,2,3,
2925,12,2022-05-01 12:31:49,2,3,2924
2926,6,2022-05-01 12:31:49,11,10,
2927,10,2022-05-01 12:31:49,11,10,2926
2928,5,2022-05-01 12:31:49,12,11,
2929,7,2022-05-01 12:31:49,12,11,2928
2930,3,2022-05-01 12:31:49,8,8,
2931,11,2022-05-01 12:31:49,8,8,2930
2932,4,2022-05-01 12:31:51,6,6,
2933,8,2022-05-01 12:31:51,6,6,2932
2934,6,2022-05-01 12:31:52,3,4,
2935,12,2022-05-01 12:31:52,3,4,2934
2936,1,2022-05-01 12:31:53,4,4,
2937,10,2022-05-01 12:31:53,4,4,2936
2938,6,2022-05-01 12:31:54,8,9,
2939,7,2022-05-01 12:31:54,8,9,2938
2940,3,2022-05-01 12:31:54,2,3,
2941,7,2022-05-01 12:31:54,2,3,2940
2942,1,2022-05-01 12:31:54,5,5,
2943,11,2022-05-01 12:31:54,5,5,2942
2944,1,2022-05-01 12:31:56,12,11,
2945,9,2022-05-01 12:31:56,12,11,2944
2946,1,2022-05-01 12:31:56,11,10,
2947,8,2022-05-01 12:31:56,11,10,2946
2948,2,2022-05-01 12:31:57,1,1,
2949,12,2022-05-01 12:31:57,1,1,2948
2950,6,2022-05-01 12:31:57,10,9,
2951,9,2022-05-01 12:31:57,10,9,2950
2952,1,2022-05-01 12:31:58,12,11,
2953,9,2022-05-01 12:31:58,12,11,2952
2954,1,2022-05-01 12:31:58,1,2,
2955,12,2022-05-01 12:31:58,1,2,2954
2956,6,2022-05-01 12:31:58,4,4,
2957,8,2022-05-01 12:31:58,4,4,2956
2958,7,2022-05-01 12:31:58,7,7,
2959,7,2022-05-01 12:32:01,7,7,
2960,6,2022-05-01 12:32:01,8,9,
2961,11,2022-05-01 12:32:01,8,9,2960
2962,6,2022-05-01 12:32:02,2,3,
2963,7,2022-05-01 12:32:02,2,3,2962
2964,3,2022-05-01 12:32:02,5,5,
2965,10,2022-05-01 12:32:02,5,5,2964
2966,1,2022-05-01 12:32:03,4,4,
2967,10,2022-05-01 12:32:03,4,4,2966
2968,6,2022-05-01 12:32:04,2,3,
2969,7,2022-05-01 12:32:04,2,3,2968
2970,2,2022-05-01 12:32:05,12,11,
2971,11,2022-05-01 12:32:05,12,11,2970
2972,3,2022-05-01 12:32:07,5,5,
2973,10,2022-05-01 12:32:07,5,5,2972
2974,5,2022-05-01 12:32:11,4,4,
2975,10,2022-05-01 12:32:11,4,4,2974
2976,5,2022-05-01 12:32:11,2,3,
2977,7,2022-05-01 12:32:11,2,3,2976
2978,5,2022-05-01 12:32:12,8,8,
2979,7,2022-05-01 12:32:12,8,8,2978
2980,1,2022-05-01 12:32:13,10,9,
2981,11,2022-05-01 12:32:13,10,9,2980
2982,4,2022-05-01 12:32:13,7,7,
2983,12,2022-05-01 12:32:13,7,7,2982
2984,6,2022-05-01 12:32:13,1,1,
2985,7,2022-05-01 12:32:13,1,1,2984
2986,5,2022-05-01 12:32:15,8,8,
2987,7,2022-05-01 12:32:15,8,8,2986
2988,3,2022-05-01 12:32:15,5,5,
2989,10,2022-05-01 12:32:15,5,5,2988
2990,4,2022-05-01 12:32:16,7,7,
2991,12,2022-05-01 12:32:16,7,7,2990
2992,5,2022-05-01 12:32:16,4,4,
2993,11,2022-05-01 12:32:16,4,4,2992
2994,7,2022-05-01 12:32:17,11,10,
2995,1,2022-05-01 12:32:17,6,6,
2996,10,2022-05-01 12:32:17,6,6,2995
2997,6,2022-05-01 12:32:17,3,4,
2998,11,2022-05-01 12:32:17,3,4,2997
2999,2,2022-05-01 12:32:18,12,11,
3000,12,2022-05-01 12:32:18,12,11,2999
3001,6,2022-05-01 12:32:18,1,2,
3002,7,2022-05-01 12:32:18,1,2,3001
3003,6,2022-05-01 12:32:19,2,3,
3004,11,2022-05-01 12:32:19,2,3,3003
3005,10,2022-05-01 12:32:19,11,10,
3006,6,2022-05-01 12:32:19,8,9,
3007,11,2022-05-01 12:32:19,8,9,3006
3008,5,2022-05-01 12:32:20,8,8,
3009,10,2022-05-01 12:32:20,8,8,3008
3010,6,2022-05-01 12:32:21,7,7,
3011,12,2022-05-01 12:32:21,7,7,3010
3012,6,2022-05-01 12:32:21,3,4,
3013,11,2022-05-01 12:32:21,3,4,3012
3014,8,2022-05-01 12:32:22,11,10,
3015,1,2022-05-01 12:32:23,4,4,
3016,8,2022-05-01 12:32:23,4,4,3015
3017,3,2022-05-01 12:32:25,6,6,
3018,12,2022-05-01 12:32:25,6,6,3017
3019,3,2022-05-01 12:32:25,2,3,
3020,11,2022-05-01 12:32:25,2,3,3019
3021,5,2022-05-01 12:32:27,5,5,
3022,9,2022-05-01 12:32:27,5,5,3021
3023,2,2022-05-01 12:32:27,12,11,
3024,12,2022-05-01 12:32:27,12,11,3023
3025,1,2022-05-01 12:32:28,4,4,
3026,8,2022-05-01 12:32:28,4,4,3025
3027,10,2022-05-01 12:32:28,11,10,
3028,6,2022-05-01 12:32:28,1,2,
3029,7,2022-05-01 12:32:28,1,2,3028
3030,6,2022-05-01 12:32:29,3,4,
3031,11,2022-05-01 12:32:29,3,4,3030
3032,5,2022-05-01 12:32:30,2,3,
3033,12,2022-05-01 12:32:30,2,3,3032
3034,3,2022-05-01 12:32:30,11,10,
3035,1,2022-05-01 12:32:31,10,9,
3036,12,2022-05-01 12:32:31,10,9,3035
3037,5,2022-05-01 12:32:32,2,3,
3038,12,2022-05-01 12:32:32,2,3,3037
3039,2,2022-05-01 12:32:33,4,4,
3040,7,2022-05-01 12:32:33,4,4,3039
3041,3,2022-05-01 12:32:36,6,6,
3042,2,2022-05-01 12:32:37,4,4,
3043,7,2022-05-01 12:32:37,4,4,3042
3044,5,2022-05-01 12:32:38,6,6,
3045,1,2022-05-01 12:32:38,7,7,
3046,11,2022-05-01 12:32:38,7,7,3045
3047,5,2022-05-01 12:32:38,5,5,
3048,10,2022-05-01 12:32:38,5,5,3047
3049,3,2022-05-01 12:32:39,8,8,
3050,10,2022-05-01 12:32:39,8,8,3049
3051,5,2022-05-01 12:32:40,1,1,
3052,11,2022-05-01 12:32:40,1,1,3051
3053,12,2022-05-01 12:32:41,6,6,
3054,1,2022-05-01 12:32:42,4,4,
3055,8,2022-05-01 12:32:42,4,4,3054
3056,4,2022-05-01 12:32:43,7,7,
3057,8,2022-05-01 12:32:43,7,7,3056
3058,3,2022-05-01 12:32:44,1,2,
3059,7,2022-05-01 12:32:44,1,2,3058
3060,5,2022-05-01 12:32:44,5,5,
3061,10,2022-05-01 12:32:44,5,5,3060
3062,1,2022-05-01 12:32:44,3,4,
3063,8,2022-05-01 12:32:44,3,4,3062
3064,4,2022-05-01 12:32:44,2,3,
3065,12,2022-05-01 12:32:44,2,3,3064
3066,6,2022-05-01 12:32:44,12,11,
3067,8,2022-05-01 12:32:44,12,11,3066
3068,4,2022-05-01 12:32:44,8,8,
3069,10,2022-05-01 12:32:44,8,8,3068
3070,5,2022-05-01 12:32:44,6,6,
3071,12,2022-05-01 12:32:44,6,6,3070
3072,1,2022-05-01 12:32:45,4,4,
3073,8,2022-05-01 12:32:45,4,4,3072
3074,4,2022-05-01 12:32:46,2,3,
3075,12,2022-05-01 12:32:46,2,3,3074
3076,5,2022-05-01 12:32:47,6,6,
3077,12,2022-05-01 12:32:47,6,6,3076
3078,1,2022-05-01 12:32:49,11,10,
3079,8,2022-05-01 12:32:49,11,10,3078
3080,1,2022-05-01 12:32:49,4,4,
3081,11,2022-05-01 12:32:49,4,4,3080
3082,6,2022-05-01 12:32:49,7,7,
3083,11,2022-05-01 12:32:49,7,7,3082
3084,5,2022-05-01 12:32:49,5,5,
3085,10,2022-05-01 12:32:49,5,5,3084
3086,6,2022-05-01 12:32:50,12,11,
3087,10,2022-05-01 12:32:50,12,11,3086
3088,5,2022-05-01 12:32:51,2,3,
3089,11,2022-05-01 12:32:51,2,3,3088
3090,6,2022-05-01 12:32:52,7,7,
3091,10,2022-05-01 12:32:52,7,7,3090
3092,2,2022-05-01 12:32:52,4,4,
3093,1,2022-05-01 12:32:53,6,6,
3094,1,2022-05-01 12:32:53,3,4,
3095,10,2022-05-01 12:32:53,3,4,3094
3096,6,2022-05-01 12:32:53,7,7,
3097,10,2022-05-01 12:32:53,7,7,3096
3098,10,2022-05-01 12:32:54,6,6,
3099,1,2022-05-01 12:32:54,11,10,
3100,8,2022-05-01 12:32:54,11,10,3099
3101,2,2022-05-01 12:32:54,12,11,
3102,12,2022-05-01 12:32:54,12,11,3101
3103,5,2022-05-01 12:32:56,2,3,
3104,11,2022-05-01 12:32:56,2,3,3103
3105,6,2022-05-01 12:32:56,7,7,
3106,12,2022-05-01 12:32:56,7,7,3105
3107,6,2022-05-01 12:32:56,4,4,
3108,11,2022-05-01 12:32:56,4,4,3107
3109,1,2022-05-01 12:32:56,3,4,
3110,10,2022-05-01 12:32:56,3,4,3109
3111,4,2022-05-01 12:32:56,5,5,
3112,9,2022-05-01 12:32:56,5,5,3111
3113,3,2022-05-01 12:33:00,6,6,
3114,10,2022-05-01 12:33:00,6,6,3113
3115,3,2022-05-01 12:33:04,4,4,
3116,10,2022-05-01 12:33:04,4,4,3115
3117,1,2022-05-01 12:33:04,2,3,
3118,7,2022-05-01 12:33:04,2,3,3117
3119,3,2022-05-01 12:33:05,6,6,
3120,10,2022-05-01 12:33:05,6,6,3119
3121,2,2022-05-01 12:33:05,12,11,
3122,7,2022-05-01 12:33:05,12,11,3121
3123,5,2022-05-01 12:33:06,5,5,
3124,11,2022-05-01 12:33:06,5,5,3123
3125,3,2022-05-01 12:33:08,4,4,
3126,10,2022-05-01 12:33:08,4,4,3125
3127,1,2022-05-01 12:33:08,2,3,
3128,11,2022-05-01 12:33:08,2,3,3127
3129,5,2022-05-01 12:33:09,6,6,
3130,10,2022-05-01 12:33:09,6,6,3129
3131,4,2022-05-01 12:33:09,8,8,
3132,2,2022-05-01 12:33:09,7,7,
3133,7,2022-05-01 12:33:09,8,8,3131
3134,8,2022-05-01 12:33:09,7,7,3132
3135,5,2022-05-01 12:33:09,3,4,
3136,2,2022-05-01 12:33:12,5,5,
3137,11,2022-05-01 12:33:12,5,5,3136
3138,6,2022-05-01 12:33:13,12,11,
3139,12,2022-05-01 12:33:13,12,11,3138
3140,2,2022-05-01 12:33:13,4,4,
3141,11,2022-05-01 12:33:13,4,4,3140
3142,3,2022-05-01 12:33:14,7,7,
3143,8,2022-05-01 12:33:14,7,7,3142
3144,2,2022-05-01 12:33:15,5,5,
3145,11,2022-05-01 12:33:15,5,5,3144
3146,5,2022-05-01 12:33:16,1,2,
3147,12,2022-05-01 12:33:16,1,2,3146
3148,10,2022-05-01 12:33:16,6,6,
3149,4,2022-05-01 12:33:17,8,8,
3150,7,2022-05-01 12:33:17,8,8,3149
3151,6,2022-05-01 12:33:17,2,3,
3152,10,2022-05-01 12:33:17,2,3,3151
3153,2,2022-05-01 12:33:18,4,4,
3154,11,2022-05-01 12:33:18,4,4,3153
3155,2,2022-05-01 12:33:18,5,5,
3156,11,2022-05-01 12:33:18,5,5,3155
3157,4,2022-05-01 12:33:20,12,11,
3158,12,2022-05-01 12:33:20,12,11,3157
3159,6,2022-05-01 12:33:20,11,10,
3160,9,2022-05-01 12:33:20,11,10,3159
3161,1,2022-05-01 12:33:22,3,4,
3162,10,2022-05-01 12:33:22,3,4,3161
3163,6,2022-05-01 12:33:23,7,7,
3164,10,2022-05-01 12:33:23,7,7,3163
3165,6,2022-05-01 12:33:23,1,1,
3166,12,2022-05-01 12:33:23,1,1,3165
3167,2,2022-05-01 12:33:26,12,11,
3168,7,2022-05-01 12:33:26,12,11,3167
3169,3,2022-05-01 12:33:26,4,4,
3170,10,2022-05-01 12:33:26,4,4,3169
3171,6,2022-05-01 12:33:26,7,7,
3172,12,2022-05-01 12:33:26,7,7,3171
3173,6,2022-05-01 12:33:28,11,10,
3174,9,2022-05-01 12:33:28,11,10,3173
3175,3,2022-05-01 12:33:31,12,11,
3176,7,2022-05-01 12:33:31,12,11,3175
3177,12,2022-05-01 12:33:32,5,5,
3178,2,2022-05-01 12:33:32,2,3,
3179,11,2022-05-01 12:33:32,2,3,3178
3180,6,2022-05-01 12:33:32,4,4,
3181,11,2022-05-01 12:33:32,4,4,3180
3182,6,2022-05-01 12:33:33,11,10,
3183,3,2022-05-01 12:33:34,1,1,
3184,11,2022-05-01 12:33:34,1,1,3183
3185,2,2022-05-01 12:33:35,2,3,
3186,11,2022-05-01 12:33:35,2,3,3185
3187,12,2022-05-01 12:33:36,5,5,
3188,1,2022-05-01 12:33:37,12,11,
3189,12,2022-05-01 12:33:37,12,11,3188
3190,2,2022-05-01 12:33:37,8,8,
3191,11,2022-05-01 12:33:37,8,8,3190
3192,1,2022-05-01 12:33:37,4,4,
3193,12,2022-05-01 12:33:37,4,4,3192
3194,6,2022-05-01 12:33:37,7,7,
3195,2,2022-05-01 12:33:39,2,3,
3196,12,2022-05-01 12:33:39,2,3,3195
3197,3,2022-05-01 12:33:40,11,10,
3198,10,2022-05-01 12:33:40,11,10,3197
3199,6,2022-05-01 12:33:40,7,7,
3200,11,2022-05-01 12:33:40,7,7,3199
3201,3,2022-05-01 12:33:41,1,1,
3202,11,2022-05-01 12:33:41,1,1,3201
3203,4,2022-05-01 12:33:41,12,11,
3204,11,2022-05-01 12:33:43,12,11,
3205,3,2022-05-01 12:33:43,5,5,
3206,2,2022-05-01 12:33:44,8,8,
3207,9,2022-05-01 12:33:44,8,8,3206
3208,3,2022-05-01 12:33:45,5,5,
3209,4,2022-05-01 12:33:47,7,7,
3210,1,2022-05-01 12:33:48,4,4,
3211,11,2022-05-01 12:33:48,4,4,3210
3212,2,2022-05-01 12:33:48,2,3,
3213,11,2022-05-01 12:33:48,2,3,3212
3214,10,2022-05-01 12:33:49,12,11,
3215,11,2022-05-01 12:33:52,5,5,
3216,1,2022-05-01 12:33:53,8,9,
3217,11,2022-05-01 12:33:53,8,9,3216
3218,5,2022-05-01 12:33:54,4,4,
3219,12,2022-05-01 12:33:54,4,4,3218
3220,6,2022-05-01 12:33:54,11,10,
3221,10,2022-05-01 12:33:54,11,10,3220
3222,3,2022-05-01 12:33:55,12,11,
3223,11,2022-05-01 12:33:55,12,11,3222
3224,2,2022-05-01 12:33:56,1,2,
3225,9,2022-05-01 12:33:56,1,2,3224
3226,11,2022-05-01 12:33:56,5,5,
3227,3,2022-05-01 12:33:56,6,6,
3228,11,2022-05-01 12:33:56,8,8,
3229,1,2022-05-01 12:33:57,1,1,
3230,10,2022-05-01 12:33:57,1,1,3229
3231,6,2022-05-01 12:33:59,4,4,
3232,7,2022-05-01 12:33:59,4,4,3231
3233,6,2022-05-01 12:34:00,5,5,
3234,11,2022-05-01 12:34:00,5,5,3233
3235,6,2022-05-01 12:34:01,12,11,
3236,11,2022-05-01 12:34:01,12,11,3235
3237,2,2022-05-01 12:34:02,8,8,
3238,11,2022-05-01 12:34:02,8,8,3237
3239,4,2022-05-01 12:34:04,5,5,
3240,9,2022-05-01 12:34:04,5,5,3239
3241,4,2022-05-01 12:34:04,7,7,
3242,11,2022-05-01 12:34:04,7,7,3241
3243,2,2022-05-01 12:34:05,2,3,
3244,11,2022-05-01 12:34:05,2,3,3243
3245,12,2022-05-01 12:34:06,7,7,
3246,1,2022-05-01 12:34:06,4,4,
3247,12,2022-05-01 12:34:06,4,4,3246
3248,1,2022-05-01 12:34:06,12,11,
3249,10,2022-05-01 12:34:06,12,11,3248
3250,4,2022-05-01 12:34:06,5,5,
3251,9,2022-05-01 12:34:06,5,5,3250
3252,5,2022-05-01 12:34:09,6,6,
3253,10,2022-05-01 12:34:09,6,6,3252
3254,3,2022-05-01 12:34:09,7,7,
3255,10,2022-05-01 12:34:09,7,7,3254
3256,6,2022-05-01 12:34:11,2,3,
3257,10,2022-05-01 12:34:11,2,3,3256
3258,3,2022-05-01 12:34:12,7,7,
3259,10,2022-05-01 12:34:12,7,7,3258
3260,1,2022-05-01 12:34:12,12,11,
3261,10,2022-05-01 12:34:12,12,11,3260
3262,6,2022-05-01 12:34:13,4,4,
3263,11,2022-05-01 12:34:13,4,4,3262
3264,6,2022-05-01 12:34:14,3,4,
3265,11,2022-05-01 12:34:14,3,4,3264
3266,6,2022-05-01 12:34:15,8,8,
3267,11,2022-05-01 12:34:15,8,8,3266
3268,6,2022-05-01 12:34:15,2,3,
3269,10,2022-05-01 12:34:15,2,3,3268
3270,2,2022-05-01 12:34:18,12,11,
3271,7,2022-05-01 12:34:18,12,11,3270
3272,6,2022-05-01 12:34:18,4,4,
3273,11,2022-05-01 12:34:18,4,4,3272
3274,1,2022-05-01 12:34:19,7,7,
3275,10,2022-05-01 12:34:19,7,7,3274
3276,6,2022-05-01 12:34:20,2,3,
3277,10,2022-05-01 12:34:20,2,3,3276
3278,2,2022-05-01 12:34:21,5,5,
3279,11,2022-05-01 12:34:21,5,5,3278
3280,2,2022-05-01 12:34:25,7,7,
3281,7,2022-05-01 12:34:25,7,7,3280
3282,3,2022-05-01 12:34:25,2,3,
3283,10,2022-05-01 12:34:25,2,3,3282
3284,6,2022-05-01 12:34:25,4,4,
3285,11,2022-05-01 12:34:25,4,4,3284
3286,6,2022-05-01 12:34:26,10,9,
3287,11,2022-05-01 12:34:26,10,9,3286
3288,1,2022-05-01 12:34:26,12,11,
3289,12,2022-05-01 12:34:26,12,11,3288
3290,4,2022-05-01 12:34:28,8,8,
3291,10,2022-05-01 12:34:28,8,8,3290
3292,3,2022-05-01 12:34:28,2,3,
3293,10,2022-05-01 12:34:28,2,3,3292
3294,6,2022-05-01 12:34:29,8,9,
3295,7,2022-05-01 12:34:29,8,9,3294
3296,2,2022-05-01 12:34:30,7,7,
3297,7,2022-05-01 12:34:30,7,7,3296
3298,10,2022-05-01 12:34:30,4,4,
3299,6,2022-05-01 12:34:31,6,6,
3300,11,2022-05-01 12:34:31,6,6,3299
3301,1,2022-05-01 12:34:33,5,5,
3302,10,2022-05-01 12:34:33,5,5,3301
3303,6,2022-05-01 12:34:33,12,11,
3304,7,2022-05-01 12:34:33,12,11,3303
3305,12,2022-05-01 12:34:34,4,4,
3306,2,2022-05-01 12:34:35,2,3,
3307,12,2022-05-01 12:34:35,2,3,3306
3308,12,2022-05-01 12:34:37,4,4,
3309,6,2022-05-01 12:34:38,8,8,
3310,11,2022-05-01 12:34:38,8,8,3309
3311,4,2022-05-01 12:34:39,5,5,
3312,10,2022-05-01 12:34:39,5,5,3311
3313,2,2022-05-01 12:34:40,2,3,
3314,12,2022-05-01 12:34:40,2,3,3313
3315,1,2022-05-01 12:34:40,7,7,
3316,12,2022-05-01 12:34:40,7,7,3315
3317,6,2022-05-01 12:34:40,3,4,
3318,11,2022-05-01 12:34:40,3,4,3317
3319,2,2022-05-01 12:34:41,8,9,
3320,10,2022-05-01 12:34:41,8,9,3319
3321,2,2022-05-01 12:34:42,2,3,
3322,12,2022-05-01 12:34:42,2,3,3321
3323,1,2022-05-01 12:34:43,6,6,
3324,8,2022-05-01 12:34:43,6,6,3323
3325,5,2022-05-01 12:34:44,4,4,
3326,10,2022-05-01 12:34:44,4,4,3325
3327,3,2022-05-01 12:34:44,12,11,
3328,11,2022-05-01 12:34:44,12,11,3327
3329,2,2022-05-01 12:34:46,8,9,
3330,10,2022-05-01 12:34:46,8,9,3329
3331,1,2022-05-01 12:34:46,7,7,
3332,9,2022-05-01 12:34:46,7,7,3331
3333,5,2022-05-01 12:34:48,8,8,
3334,10,2022-05-01 12:34:48,8,8,3333
3335,12,2022-05-01 12:34:49,4,4,
3336,6,2022-05-01 12:34:49,12,11,
3337,12,2022-05-01 12:34:49,12,11,3336
3338,3,2022-05-01 12:34:50,6,6,
3339,2,2022-05-01 12:34:50,2,3,
3340,9,2022-05-01 12:34:50,2,3,3339
3341,2,2022-05-01 12:34:50,1,2,
3342,9,2022-05-01 12:34:50,1,2,3341
3343,4,2022-05-01 12:34:51,5,5,
3344,11,2022-05-01 12:34:51,5,5,3343
3345,2,2022-05-01 12:34:53,2,3,
3346,9,2022-05-01 12:34:53,2,3,3345
3347,3,2022-05-01 12:34:54,8,8,
3348,12,2022-05-01 12:34:54,8,8,3347
3349,3,2022-05-01 12:34:54,7,7,
3350,10,2022-05-01 12:34:54,7,7,3349
3351,4,2022-05-01 12:34:54,4,4,
3352,10,2022-05-01 12:34:54,4,4,3351
3353,2,2022-05-01 12:34:55,2,3,
3354,9,2022-05-01 12:34:55,2,3,3353
3355,12,2022-05-01 12:34:55,12,11,
3356,3,2022-05-01 12:34:56,7,7,
3357,10,2022-05-01 12:34:56,7,7,3356
3358,6,2022-05-01 12:34:58,4,4,
3359,12,2022-05-01 12:34:58,4,4,3358
3360,4,2022-05-01 12:34:58,5,5,
3361,11,2022-05-01 12:34:58,5,5,3360
3362,6,2022-05-01 12:34:59,8,8,
3363,12,2022-05-01 12:34:59,8,8,3362
3364,12,2022-05-01 12:35:02,12,11,
3365,4,2022-05-01 12:35:04,4,4,
3366,10,2022-05-01 12:35:04,4,4,3365
3367,12,2022-05-01 12:35:05,12,11,
3368,1,2022-05-01 12:35:05,8,9,
3369,12,2022-05-01 12:35:05,8,9,3368
3370,3,2022-05-01 12:35:06,8,8,
3371,12,2022-05-01 12:35:06,8,8,3370
3372,5,2022-05-01 12:35:08,4,4,
3373,12,2022-05-01 12:35:08,4,4,3372
3374,1,2022-05-01 12:35:09,11,10,
3375,10,2022-05-01 12:35:09,11,10,3374
3376,11,2022-05-01 12:35:10,6,6,
3377,4,2022-05-01 12:35:12,5,5,
3378,8,2022-05-01 12:35:12,5,5,3377
3379,3,2022-05-01 12:35:12,8,8,
3380,12,2022-05-01 12:35:12,8,8,3379
3381,5,2022-05-01 12:35:14,8,9,
3382,9,2022-05-01 12:35:14,8,9,3381
3383,2,2022-05-01 12:35:15,12,11,
3384,8,2022-05-01 12:35:15,12,11,3383
3385,5,2022-05-01 12:35:15,4,4,
3386,12,2022-05-01 12:35:15,4,4,3385
3387,5,2022-05-01 12:35:16,6,6,
3388,2,2022-05-01 12:35:17,7,7,
3389,7,2022-05-01 12:35:17,7,7,3388
3390,10,2022-05-01 12:35:19,4,4,
3391,2,2022-05-01 12:35:19,12,11,
3392,8,2022-05-01 12:35:19,12,11,3391
3393,4,2022-05-01 12:35:20,5,5,
3394,11,2022-05-01 12:35:20,5,5,3393
3395,6,2022-05-01 12:35:20,3,4,
3396,7,2022-05-01 12:35:20,3,4,3395
3397,2,2022-05-01 12:35:20,7,7,
3398,7,2022-05-01 12:35:20,7,7,3397
3399,6,2022-05-01 12:35:21,2,3,
3400,7,2022-05-01 12:35:21,2,3,3399
3401,2,2022-05-01 12:35:23,12,11,
3402,8,2022-05-01 12:35:23,12,11,3401
3403,4,2022-05-01 12:35:24,4,4,
3404,10,2022-05-01 12:35:24,4,4,3403
3405,6,2022-05-01 12:35:25,10,9,
3406,8,2022-05-01 12:35:25,10,9,3405
3407,6,2022-05-01 12:35:28,6,6,
3408,12,2022-05-01 12:35:28,6,6,3407
3409,4,2022-05-01 12:35:28,4,4,
3410,10,2022-05-01 12:35:28,4,4,3409
3411,1,2022-05-01 12:35:28,2,3,
3412,10,2022-05-01 12:35:28,2,3,3411
3413,6,2022-05-01 12:35:29,8,9,
3414,9,2022-05-01 12:35:29,8,9,3413
3415,8,2022-05-01 12:35:30,10,9,
3416,5,2022-05-01 12:35:31,12,11,
3417,10,2022-05-01 12:35:31,12,11,3416
3418,4,2022-05-01 12:35:32,4,4,
3419,10,2022-05-01 12:35:32,4,4,3418
3420,1,2022-05-01 12:35:32,2,3,
3421,12,2022-05-01 12:35:32,2,3,3420
3422,1,2022-05-01 12:35:36,4,4,
3423,10,2022-05-01 12:35:36,4,4,3422
3424,5,2022-05-01 12:35:36,8,9,
3425,12,2022-05-01 12:35:36,8,9,3424
3426,5,2022-05-01 12:35:36,12,11,
3427,10,2022-05-01 12:35:36,12,11,3426
3428,1,2022-05-01 12:35:36,8,8,
3429,11,2022-05-01 12:35:36,8,8,3428
3430,1,2022-05-01 12:35:37,2,3,
3431,10,2022-05-01 12:35:37,2,3,3430
3432,2,2022-05-01 12:35:37,5,5,
3433,1,2022-05-01 12:35:39,4,4,
3434,10,2022-05-01 12:35:39,4,4,3433
3435,1,2022-05-01 12:35:40,2,3,
3436,10,2022-05-01 12:35:40,2,3,3435
3437,5,2022-05-01 12:35:40,10,9,
3438,7,2022-05-01 12:35:40,10,9,3437
3439,1,2022-05-01 12:35:40,8,8,
3440,11,2022-05-01 12:35:40,8,8,3439
3441,6,2022-05-01 12:35:44,12,11,
3442,10,2022-05-01 12:35:44,12,11,3441
3443,1,2022-05-01 12:35:45,8,9,
3444,11,2022-05-01 12:35:45,8,9,3443
3445,6,2022-05-01 12:35:47,7,7,
3446,9,2022-05-01 12:35:47,7,7,3445
3447,6,2022-05-01 12:35:47,10,9,
3448,7,2022-05-01 12:35:47,10,9,3447
3449,6,2022-05-01 12:35:47,12,11,
3450,10,2022-05-01 12:35:47,12,11,3449
3451,1,2022-05-01 12:35:49,8,9,
3452,11,2022-05-01 12:35:49,8,9,3451
3453,10,2022-05-01 12:35:49,5,5,
3454,1,2022-05-01 12:35:52,11,10,
3455,11,2022-05-01 12:35:52,11,10,3454
3456,6,2022-05-01 12:35:52,3,4,
3457,7,2022-05-01 12:35:52,3,4,3456
3458,5,2022-05-01 12:35:52,12,11,
3459,10,2022-05-01 12:35:52,12,11,3458
3460,6,2022-05-01 12:35:53,2,3,
3461,10,2022-05-01 12:35:53,2,3,3460
3462,6,2022-05-01 12:35:53,8,8,
3463,11,2022-05-01 12:35:53,8,8,3462
3464,10,2022-05-01 12:35:53,4,4,
3465,1,2022-05-01 12:35:54,11,10,
3466,11,2022-05-01 12:35:54,11,10,3465
3467,6,2022-05-01 12:35:54,6,6,
3468,11,2022-05-01 12:35:54,6,6,3467
3469,6,2022-05-01 12:35:54,3,4,
3470,7,2022-05-01 12:35:54,3,4,3469
3471,5,2022-05-01 12:35:55,7,7,
3472,10,2022-05-01 12:35:55,7,7,3471
3473,2,2022-05-01 12:35:55,10,9,
3474,6,2022-05-01 12:35:56,4,4,
3475,11,2022-05-01 12:35:56,4,4,3474
3476,10,2022-05-01 12:35:58,8,9,
3477,1,2022-05-01 12:35:58,6,6,
3478,11,2022-05-01 12:35:58,6,6,3477
3479,2,2022-05-01 12:35:59,12,11,
3480,12,2022-05-01 12:35:59,12,11,3479
3481,10,2022-05-01 12:36:00,4,4,
3482,5,2022-05-01 12:36:02,12,11,
3483,10,2022-05-01 12:36:02,12,11,3482
3484,1,2022-05-01 12:36:02,5,5,
3485,9,2022-05-01 12:36:02,5,5,3484
3486,10,2022-05-01 12:36:03,4,4,
3487,1,2022-05-01 12:36:04,5,5,
3488,9,2022-05-01 12:36:04,5,5,3487
3489,6,2022-05-01 12:36:06,3,4,
3490,10,2022-05-01 12:36:06,3,4,3489
3491,3,2022-05-01 12:36:06,12,11,
3492,12,2022-05-01 12:36:06,12,11,3491
3493,6,2022-05-01 12:36:06,8,9,
3494,10,2022-05-01 12:36:06,8,9,3493
3495,10,2022-05-01 12:36:07,4,4,
3496,3,2022-05-01 12:36:07,8,8,
3497,11,2022-05-01 12:36:07,8,8,3496
3498,6,2022-05-01 12:36:08,10,9,
3499,12,2022-05-01 12:36:08,10,9,3498
3500,4,2022-05-01 12:36:08,6,6,
3501,3,2022-05-01 12:36:09,7,7,
3502,10,2022-05-01 12:36:09,7,7,3501
3503,1,2022-05-01 12:36:10,5,5,
3504,10,2022-05-01 12:36:10,5,5,3503
3505,6,2022-05-01 12:36:10,11,10,
3506,11,2022-05-01 12:36:10,11,10,3505
3507,10,2022-05-01 12:36:11,4,4,
3508,3,2022-05-01 12:36:12,12,11,
3509,10,2022-05-01 12:36:12,12,11,3508
3510,1,2022-05-01 12:36:13,8,9,
3511,7,2022-05-01 12:36:13,8,9,3510
3512,1,2022-05-01 12:36:14,8,8,
3513,12,2022-05-01 12:36:14,8,8,3512
3514,1,2022-05-01 12:36:14,6,6,
3515,10,2022-05-01 12:36:14,6,6,3514
3516,6,2022-05-01 12:36:15,10,9,
3517,11,2022-05-01 12:36:15,10,9,3516
3518,4,2022-05-01 12:36:15,4,4,
3519,1,2022-05-01 12:36:16,7,7,
3520,5,2022-05-01 12:36:17,3,4,
3521,10,2022-05-01 12:36:17,3,4,3520
3522,4,2022-05-01 12:36:17,5,5,
3523,11,2022-05-01 12:36:17,5,5,3522
3524,6,2022-05-01 12:36:19,6,12,
3525,10,2022-05-01 12:36:19,6,12,3524
3526,5,2022-05-01 12:36:19,12,11,
3527,8,2022-05-01 12:36:19,12,11,3526
3528,5,2022-05-01 12:36:20,8,9,
3529,12,2022-05-01 12:36:20,8,9,3528
3530,5,2022-05-01 12:36:21,8,8,
3531,12,2022-05-01 12:36:21,8,8,3530
3532,4,2022-05-01 12:36:23,3,4,
3533,10,2022-05-01 12:36:23,3,4,3532
3534,5,2022-05-01 12:36:24,5,5,
3535,12,2022-05-01 12:36:24,5,5,3534
3536,6,2022-05-01 12:36:24,12,11,
3537,10,2022-05-01 12:36:24,12,11,3536
3538,6,2022-05-01 12:36:25,6,12,
3539,10,2022-05-01 12:36:25,6,12,3538
3540,1,2022-05-01 12:36:27,6,6,
3541,10,2022-05-01 12:36:27,6,6,3540
3542,6,2022-05-01 12:36:30,8,8,
3543,8,2022-05-01 12:36:30,8,8,3542
3544,6,2022-05-01 12:36:30,3,4,
3545,10,2022-05-01 12:36:30,3,4,3544
3546,3,2022-05-01 12:36:30,12,11,
3547,10,2022-05-01 12:36:30,12,11,3546
3548,6,2022-05-01 12:36:31,10,9,
3549,12,2022-05-01 12:36:31,10,9,3548
3550,1,2022-05-01 12:36:33,6,12,
3551,11,2022-05-01 12:36:33,6,12,3550
3552,4,2022-05-01 12:36:34,12,11,
3553,12,2022-05-01 12:36:34,12,11,3552
3554,6,2022-05-01 12:36:35,8,8,
3555,7,2022-05-01 12:36:35,8,8,3554
3556,1,2022-05-01 12:36:35,4,4,
3557,6,2022-05-01 12:36:35,8,9,
3558,12,2022-05-01 12:36:35,8,9,3557
3559,4,2022-05-01 12:36:35,5,5,
3560,8,2022-05-01 12:36:35,5,5,3559
3561,6,2022-05-01 12:36:36,11,10,
3562,10,2022-05-01 12:36:36,11,10,3561
3563,12,2022-05-01 12:36:36,6,6,
3564,6,2022-05-01 12:36:40,4,4,
3565,11,2022-05-01 12:36:40,4,4,3564
3566,4,2022-05-01 12:36:41,12,11,
3567,1,2022-05-01 12:36:41,8,9,
3568,1,2022-05-01 12:36:41,2,3,
3569,10,2022-05-01 12:36:41,2,3,3568
3570,2,2022-05-01 12:36:42,8,8,
3571,8,2022-05-01 12:36:42,8,8,3570
3572,6,2022-05-01 12:36:44,4,4,
3573,9,2022-05-01 12:36:44,4,4,3572
3574,6,2022-05-01 12:36:45,5,5,
3575,9,2022-05-01 12:36:45,5,5,3574
3576,6,2022-05-01 12:36:46,4,4,
3577,9,2022-05-01 12:36:46,4,4,3576
3578,3,2022-05-01 12:36:48,8,9,
3579,7,2022-05-01 12:36:48,8,9,3578
3580,1,2022-05-01 12:36:48,12,11,
3581,8,2022-05-01 12:36:48,12,11,3580
3582,6,2022-05-01 12:36:49,8,8,
3583,8,2022-05-01 12:36:49,8,8,3582
3584,1,2022-05-01 12:36:49,6,6,
3585,9,2022-05-01 12:36:49,6,6,3584
3586,6,2022-05-01 12:36:50,11,10,
3587,10,2022-05-01 12:36:50,11,10,3586
3588,3,2022-05-01 12:36:52,4,4,
3589,6,2022-05-01 12:36:53,10,9,
3590,7,2022-05-01 12:36:53,10,9,3589
3591,6,2022-05-01 12:36:53,2,3,
3592,12,2022-05-01 12:36:53,2,3,3591
3593,11,2022-05-01 12:36:54,4,4,
3594,2,2022-05-01 12:36:55,8,8,
3595,11,2022-05-01 12:36:55,8,8,3594
3596,1,2022-05-01 12:36:56,6,6,
3597,9,2022-05-01 12:36:56,6,6,3596
3598,4,2022-05-01 12:36:57,6,12,
3599,7,2022-05-01 12:36:57,6,12,3598
3600,7,2022-05-01 12:37:00,4,4,
3601,6,2022-05-01 12:37:01,8,8,
3602,10,2022-05-01 12:37:01,8,8,3601
3603,5,2022-05-01 12:37:02,6,12,
3604,7,2022-05-01 12:37:02,6,12,3603
3605,2,2022-05-01 12:37:04,3,4,
3606,6,2022-05-01 12:37:07,4,4,
3607,11,2022-05-01 12:37:07,4,4,3606
3608,2,2022-05-01 12:37:09,5,5,
3609,6,2022-05-01 12:37:09,6,12,
3610,7,2022-05-01 12:37:09,6,12,3609
3611,1,2022-05-01 12:37:09,6,6,
3612,12,2022-05-01 12:37:09,6,6,3611
3613,4,2022-05-01 12:37:10,12,11,
3614,11,2022-05-01 12:37:10,12,11,3613
3615,2,2022-05-01 12:37:10,2,3,
3616,9,2022-05-01 12:37:10,2,3,3615
3617,2,2022-05-01 12:37:11,5,5,
3618,2,2022-05-01 12:37:12,2,3,
3619,9,2022-05-01 12:37:12,2,3,3618
3620,6,2022-05-01 12:37:12,8,8,
3621,8,2022-05-01 12:37:12,8,8,3620
3622,5,2022-05-01 12:37:14,4,4,
3623,12,2022-05-01 12:37:14,4,4,3622
3624,4,2022-05-01 12:37:14,12,11,
3625,9,2022-05-01 12:37:14,12,11,3624
3626,5,2022-05-01 12:37:14,6,6,
3627,11,2022-05-01 12:37:14,6,6,3626
3628,5,2022-05-01 12:37:18,6,6,
3629,11,2022-05-01 12:37:18,6,6,3628
3630,11,2022-05-01 12:37:20,6,6,
3631,5,2022-05-01 12:37:21,5,5,
3632,12,2022-05-01 12:37:21,5,5,3631
3633,3,2022-05-01 12:37:21,12,11,
3634,7,2022-05-01 12:37:21,12,11,3633
3635,1,2022-05-01 12:37:22,7,7,
3636,10,2022-05-01 12:37:22,7,7,3635
3637,11,2022-05-01 12:37:22,6,6,
3638,11,2022-05-01 12:37:24,6,6,
3639,2,2022-05-01 12:37:25,5,5,
3640,6,2022-05-01 12:37:26,8,8,
3641,11,2022-05-01 12:37:26,8,8,3640
3642,11,2022-05-01 12:37:26,6,6,
3643,3,2022-05-01 12:37:26,12,11,
3644,11,2022-05-01 12:37:27,6,6,
3645,12,2022-05-01 12:37:28,12,11,
3646,6,2022-05-01 12:37:30,3,4,
3647,12,2022-05-01 12:37:30,3,4,3646
3648,6,2022-05-01 12:37:32,4,4,
3649,11,2022-05-01 12:37:32,4,4,3648
3650,4,2022-05-01 12:37:33,12,11,
3651,9,2022-05-01 12:37:33,12,11,3650
3652,1,2022-05-01 12:37:35,3,4,
3653,12,2022-05-01 12:37:35,3,4,3652
3654,1,2022-05-01 12:37:36,10,9,
3655,12,2022-05-01 12:37:36,10,9,3654
3656,5,2022-05-01 12:37:36,6,13,
3657,10,2022-05-01 12:37:36,6,13,3656
3658,6,2022-05-01 12:37:38,12,11,
3659,11,2022-05-01 12:37:38,12,11,3658
3660,1,2022-05-01 12:37:38,8,9,
3661,7,2022-05-01 12:37:38,8,9,3660
3662,2,2022-05-01 12:37:40,13,14,
3663,11,2022-05-01 12:37:40,13,14,3662
3664,1,2022-05-01 12:37:42,10,9,
3665,12,2022-05-01 12:37:42,10,9,3664
3666,6,2022-05-01 12:37:43,4,4,
3667,10,2022-05-01 12:37:43,4,4,3666
3668,1,2022-05-01 12:37:43,8,9,
3669,12,2022-05-01 12:37:43,8,9,3668
3670,3,2022-05-01 12:37:45,6,6,
3671,12,2022-05-01 12:37:45,6,6,3670
3672,1,2022-05-01 12:37:45,10,9,
3673,12,2022-05-01 12:37:45,10,9,3672
3674,5,2022-05-01 12:37:46,12,11,
3675,10,2022-05-01 12:37:46,12,11,3674
3676,5,2022-05-01 12:37:47,8,8,
3677,9,2022-05-01 12:37:47,8,8,3676
3678,1,2022-05-01 12:37:48,10,9,
3679,12,2022-05-01 12:37:48,10,9,3678
3680,4,2022-05-01 12:37:49,3,4,
3681,6,2022-05-01 12:37:50,4,4,
3682,11,2022-05-01 12:37:50,4,4,3681
3683,5,2022-05-01 12:37:53,6,6,
3684,10,2022-05-01 12:37:53,6,6,3683
3685,6,2022-05-01 12:37:54,8,8,
3686,12,2022-05-01 12:37:54,8,8,3685
3687,4,2022-05-01 12:37:57,4,4,
3688,12,2022-05-01 12:37:57,4,4,3687
3689,6,2022-05-01 12:37:58,12,15,
3690,10,2022-05-01 12:37:58,12,15,3689
3691,4,2022-05-01 12:37:58,8,8,
3692,9,2022-05-01 12:37:58,8,8,3691
3693,4,2022-05-01 12:38:01,14,16,
3694,4,2022-05-01 12:38:01,4,4,
3695,12,2022-05-01 12:38:01,4,4,3694
3696,11,2022-05-01 12:38:05,4,4,
3697,1,2022-05-01 12:38:06,2,3,
3698,10,2022-05-01 12:38:06,2,3,3697
3699,1,2022-05-01 12:38:08,8,9,
3700,11,2022-05-01 12:38:08,8,9,3699
3701,5,2022-05-01 12:38:12,12,11,
3702,8,2022-05-01 12:38:12,12,11,3701
3703,5,2022-05-01 12:38:13,14,16,
3704,10,2022-05-01 12:38:13,14,16,3703
3705,5,2022-05-01 12:38:14,3,4,
3706,10,2022-05-01 12:38:14,3,4,3705
3707,1,2022-05-01 12:38:15,2,3,
3708,12,2022-05-01 12:38:15,2,3,3707
3709,5,2022-05-01 12:38:17,6,6,
3710,2,2022-05-01 12:38:17,6,13,
3711,11,2022-05-01 12:38:17,6,13,3710
3712,2,2022-05-01 12:38:19,6,13,
3713,11,2022-05-01 12:38:19,6,13,3712
3714,5,2022-05-01 12:38:19,3,4,
3715,10,2022-05-01 12:38:19,3,4,3714
3716,2,2022-05-01 12:38:21,6,13,
3717,11,2022-05-01 12:38:21,6,13,3716
3718,9,2022-05-01 12:38:21,6,6,
3719,5,2022-05-01 12:38:21,3,4,
3720,10,2022-05-01 12:38:21,3,4,3719
3721,1,2022-05-01 12:38:24,12,11,
3722,10,2022-05-01 12:38:24,12,11,3721
3723,5,2022-05-01 12:38:25,6,6,
3724,9,2022-05-01 12:38:25,6,6,3723
3725,2,2022-05-01 12:38:28,4,4,
3726,11,2022-05-01 12:38:28,4,4,3725
3727,5,2022-05-01 12:38:30,6,6,
3728,9,2022-05-01 12:38:30,6,6,3727
3729,5,2022-05-01 12:38:30,12,11,
3730,10,2022-05-01 12:38:30,12,11,3729
3731,3,2022-05-01 12:38:37,8,9,
3732,11,2022-05-01 12:38:37,8,9,3731
3733,6,2022-05-01 12:38:37,5,5,
3734,12,2022-05-01 12:38:37,5,5,3733
3735,4,2022-05-01 12:38:37,14,16,
3736,10,2022-05-01 12:38:37,14,16,3735
3737,6,2022-05-01 12:38:38,3,4,
3738,10,2022-05-01 12:38:38,3,4,3737
3739,5,2022-05-01 12:38:39,12,11,
3740,8,2022-05-01 12:38:39,12,11,3739
3741,6,2022-05-01 12:38:39,5,5,
3742,12,2022-05-01 12:38:39,5,5,3741
3743,5,2022-05-01 12:38:40,4,4,
3744,10,2022-05-01 12:38:40,4,4,3743
3745,10,2022-05-01 12:38:41,3,4,
3746,11,2022-05-01 12:38:41,8,8,
3747,10,2022-05-01 12:38:42,3,4,
3748,1,2022-05-01 12:38:44,10,9,
3749,11,2022-05-01 12:38:44,10,9,3748
3750,5,2022-05-01 12:38:46,12,11,
3751,8,2022-05-01 12:38:46,12,11,3750
3752,6,2022-05-01 12:38:46,5,5,
3753,12,2022-05-01 12:38:46,5,5,3752
3754,6,2022-05-01 12:38:48,5,5,
3755,12,2022-05-01 12:38:48,5,5,3754
3756,10,2022-05-01 12:38:49,8,8,
3757,10,2022-05-01 12:38:49,4,4,
3758,9,2022-05-01 12:38:51,3,4,
3759,2,2022-05-01 12:38:51,11,10,
3760,9,2022-05-01 12:38:51,11,10,3759
3761,10,2022-05-01 12:38:53,4,4,
3762,10,2022-05-01 12:38:53,8,8,
3763,2,2022-05-01 12:38:57,10,9,
3764,7,2022-05-01 12:38:59,3,4,
3765,6,2022-05-01 12:39:01,8,8,
3766,10,2022-05-01 12:39:01,8,8,3765
3767,11,2022-05-01 12:39:01,6,6,
3768,9,2022-05-01 12:39:01,3,4,
3769,9,2022-05-01 12:39:02,3,4,
3770,9,2022-05-01 12:39:04,3,4,
3771,7,2022-05-01 12:39:05,3,4,
3772,9,2022-05-01 12:39:10,3,4,
3773,9,2022-05-01 12:39:11,3,4,
3774,9,2022-05-01 12:39:12,3,4,
3775,1,2022-05-01 12:39:16,12,11,
3776,7,2022-05-01 12:39:16,12,11,3775
3777,2,2022-05-01 12:39:21,12,11,
3778,11,2022-05-01 12:39:21,12,11,3777
3779,11,2022-05-01 12:39:24,8,8,
3780,3,2022-05-01 12:39:35,1,2,
3781,11,2022-05-01 12:39:35,1,2,3780
3782,2,2022-05-01 12:39:37,8,8,
3783,10,2022-05-01 12:39:37,8,8,3782
3784,2,2022-05-01 12:39:39,7,7,
3785,7,2022-05-01 12:39:39,7,7,3784
3786,6,2022-05-01 12:39:54,2,3,
3787,12,2022-05-01 12:39:54,2,3,3786
3788,6,2022-05-01 12:40:00,12,11,
3789,11,2022-05-01 12:40:00,12,11,3788
3790,1,2022-05-01 12:40:05,3,4,
3791,9,2022-05-01 12:40:05,3,4,3790
3792,11,2022-05-01 12:40:06,12,11,
3793,6,2022-05-01 12:40:06,5,5,
3794,9,2022-05-01 12:40:06,5,5,3793
3795,6,2022-05-01 12:40:08,2,3,
3796,8,2022-05-01 12:40:08,2,3,3795
3797,6,2022-05-01 12:40:09,12,11,
3798,1,2022-05-01 12:40:11,3,4,
3799,9,2022-05-01 12:40:11,3,4,3798
3800,6,2022-05-01 12:40:12,8,8,
3801,11,2022-05-01 12:40:12,8,8,3800
3802,1,2022-05-01 12:40:16,3,4,
3803,9,2022-05-01 12:40:16,3,4,3802
3804,6,2022-05-01 12:40:18,2,3,
3805,10,2022-05-01 12:40:18,2,3,3804
3806,6,2022-05-01 12:40:26,2,3,
3807,10,2022-05-01 12:40:26,2,3,3806
3808,6,2022-05-01 12:40:26,12,11,
3809,11,2022-05-01 12:40:26,12,11,3808
3810,6,2022-05-01 12:40:30,6,6,
3811,11,2022-05-01 12:40:30,6,6,3810
3812,1,2022-05-01 12:40:31,6,13,
3813,8,2022-05-01 12:40:31,6,13,3812
3814,6,2022-05-01 12:40:37,6,6,
3815,10,2022-05-01 12:40:37,6,6,3814
3816,3,2022-05-01 12:40:37,4,4,
3817,12,2022-05-01 12:40:37,4,4,3816
3818,6,2022-05-01 12:40:39,15,13,
3819,7,2022-05-01 12:40:39,15,13,3818
3820,3,2022-05-01 12:40:40,4,4,
3821,11,2022-05-01 12:40:40,4,4,3820
3822,6,2022-05-01 12:40:43,6,6,
3823,1,2022-05-01 12:40:44,8,9,
3824,10,2022-05-01 12:40:44,8,9,3823
3825,6,2022-05-01 12:40:44,6,6,
3826,6,2022-05-01 12:40:48,2,3,
3827,10,2022-05-01 12:40:48,2,3,3826
3828,6,2022-05-01 12:40:48,6,13,
3829,7,2022-05-01 12:40:48,6,13,3828
3830,6,2022-05-01 12:40:49,6,6,
3831,4,2022-05-01 12:40:52,12,11,
3832,10,2022-05-01 12:40:52,12,11,3831
3833,2,2022-05-01 12:40:53,5,5,
3834,7,2022-05-01 12:40:53,5,5,3833
3835,4,2022-05-01 12:40:55,12,11,
3836,7,2022-05-01 12:40:55,12,11,3835
3837,10,2022-05-01 12:40:59,6,6,
3838,9,2022-05-01 12:41:02,7,7,
3839,10,2022-05-01 12:41:02,6,6,
3840,10,2022-05-01 12:41:04,6,6,
3841,1,2022-05-01 12:41:05,3,4,
3842,10,2022-05-01 12:41:05,3,4,3841
3843,6,2022-05-01 12:41:07,6,13,
3844,7,2022-05-01 12:41:07,6,13,3843
3845,3,2022-05-01 12:41:12,2,3,
3846,12,2022-05-01 12:41:12,2,3,3845
3847,1,2022-05-01 12:41:13,12,11,
3848,10,2022-05-01 12:41:13,12,11,3847
3849,3,2022-05-01 12:41:16,10,9,
3850,10,2022-05-01 12:41:16,10,9,3849
3851,4,2022-05-01 12:41:17,5,5,
3852,12,2022-05-01 12:41:17,5,5,3851
3853,2,2022-05-01 12:41:17,12,11,
3854,11,2022-05-01 12:41:17,12,11,3853
3855,12,2022-05-01 12:41:19,4,4,
3856,6,2022-05-01 12:41:22,15,13,
3857,7,2022-05-01 12:41:22,15,13,3856
3858,6,2022-05-01 12:41:23,8,8,
3859,12,2022-05-01 12:41:23,8,8,3858
3860,3,2022-05-01 12:41:25,5,5,
3861,12,2022-05-01 12:41:25,5,5,3860
3862,6,2022-05-01 12:41:26,8,9,
3863,11,2022-05-01 12:41:26,8,9,3862
3864,2,2022-05-01 12:41:32,2,3,
3865,9,2022-05-01 12:41:32,2,3,3864
3866,6,2022-05-01 12:41:39,8,9,
3867,7,2022-05-01 12:41:39,8,9,3866
3868,1,2022-05-01 12:41:40,8,8,
3869,10,2022-05-01 12:41:40,8,8,3868
3870,6,2022-05-01 12:41:40,8,9,
3871,7,2022-05-01 12:41:40,8,9,3870
3872,6,2022-05-01 12:41:41,4,4,
3873,8,2022-05-01 12:41:41,4,4,3872
3874,1,2022-05-01 12:41:43,12,11,
3875,11,2022-05-01 12:41:43,12,11,3874
3876,7,2022-05-01 12:41:46,4,4,
3877,6,2022-05-01 12:41:48,5,5,
3878,10,2022-05-01 12:41:48,5,5,3877
3879,6,2022-05-01 12:41:49,6,13,
3880,10,2022-05-01 12:41:49,6,13,3879
3881,1,2022-05-01 12:41:50,12,11,
3882,11,2022-05-01 12:41:50,12,11,3881
3883,10,2022-05-01 12:41:57,4,4,
3884,4,2022-05-01 12:41:57,8,9,
3885,10,2022-05-01 12:41:57,8,9,3884
3886,10,2022-05-01 12:41:58,4,4,
3887,10,2022-05-01 12:42:01,4,4,
3888,4,2022-05-01 12:42:05,8,9,
3889,12,2022-05-01 12:42:05,8,9,3888
3890,6,2022-05-01 12:42:12,6,13,
3891,7,2022-05-01 12:42:12,6,13,3890
3892,2,2022-05-01 12:42:12,2,3,
3893,11,2022-05-01 12:42:12,2,3,3892
3894,1,2022-05-01 12:42:20,6,13,
3895,12,2022-05-01 12:42:20,6,13,3894
3896,12,2022-05-01 12:42:25,12,11,
3897,3,2022-05-01 12:42:26,8,8,
3898,11,2022-05-01 12:42:26,8,8,3897
3899,6,2022-05-01 12:42:38,2,3,
3900,11,2022-05-01 12:42:38,2,3,3899
3901,5,2022-05-01 12:42:42,8,9,
3902,10,2022-05-01 12:42:42,8,9,3901
3903,6,2022-05-01 12:42:43,12,15,
3904,10,2022-05-01 12:42:43,12,15,3903
3905,6,2022-05-01 12:42:47,8,8,
3906,8,2022-05-01 12:42:47,8,8,3905
3907,5,2022-05-01 12:42:55,8,9,
3908,8,2022-05-01 12:42:55,8,9,3907
3909,2,2022-05-01 12:43:08,8,9,
3910,10,2022-05-01 12:43:08,8,9,3909
3911,10,2022-05-01 12:43:11,4,4,
3912,6,2022-05-01 12:43:11,12,11,
3913,10,2022-05-01 12:43:11,12,11,3912
3914,3,2022-05-01 12:43:21,4,4,
3915,7,2022-05-01 12:43:21,4,4,3914
3916,2,2022-05-01 12:43:24,8,9,
3917,10,2022-05-01 12:43:24,8,9,3916
3918,5,2022-05-01 12:43:25,12,11,
3919,11,2022-05-01 12:43:25,12,11,3918
3920,3,2022-05-01 12:43:43,4,4,
3921,10,2022-05-01 12:43:43,4,4,3920
3922,1,2022-05-01 12:43:46,2,3,
3923,12,2022-05-01 12:43:46,2,3,3922
3924,5,2022-05-01 12:43:51,12,11,
3925,11,2022-05-01 12:43:51,12,11,3924
3926,6,2022-05-01 12:43:52,4,4,
3927,10,2022-05-01 12:43:52,4,4,3926
3928,2,2022-05-01 12:43:56,11,10,
3929,12,2022-05-01 12:43:56,11,10,3928
3930,4,2022-05-01 12:43:58,7,7,
3931,10,2022-05-01 12:43:58,7,7,3930
3932,2,2022-05-01 12:44:05,11,10,
3933,11,2022-05-01 12:44:05,11,10,3932
3934,4,2022-05-01 12:44:06,7,7,
3935,10,2022-05-01 12:44:06,7,7,3934
3936,2,2022-05-01 12:44:11,11,10,
3937,12,2022-05-01 12:44:11,11,10,3936
3938,3,2022-05-01 12:44:26,4,4,
3939,12,2022-05-01 12:44:26,4,4,3938
3940,3,2022-05-01 12:44:28,4,4,
3941,12,2022-05-01 12:44:28,4,4,3940
3942,4,2022-05-01 12:44:31,8,9,
3943,10,2022-05-01 12:44:31,8,9,3942
3944,4,2022-05-01 12:44:34,7,7,
3945,3,2022-05-01 12:44:39,10,9,
3946,8,2022-05-01 12:44:39,10,9,3945
3947,4,2022-05-01 12:44:40,7,7,
3948,3,2022-05-01 12:44:49,8,9,
3949,11,2022-05-01 12:44:49,8,9,3948
3950,6,2022-05-01 12:44:53,6,13,
3951,11,2022-05-01 12:44:53,6,13,3950
3952,1,2022-05-01 12:45:04,3,4,
3953,10,2022-05-01 12:45:04,3,4,3952
3954,1,2022-05-01 12:45:05,6,13,
3955,10,2022-05-01 12:45:05,6,13,3954
3956,4,2022-05-01 12:45:06,11,10,
3957,10,2022-05-01 12:45:06,11,10,3956
3958,6,2022-05-01 12:45:57,2,3,
3959,10,2022-05-01 12:45:57,2,3,3958
3960,5,2022-05-01 12:45:57,15,13,
3961,10,2022-05-01 12:45:57,15,13,3960
3962,6,2022-05-01 12:45:58,2,3,
3963,10,2022-05-01 12:45:58,2,3,3962
3964,2,2022-05-01 12:46:21,10,9,
3965,8,2022-05-01 12:46:21,10,9,3964
3966,3,2022-05-01 12:46:25,4,4,
3967,12,2022-05-01 12:46:25,4,4,3966
3968,2,2022-05-01 12:46:28,11,10,
3969,7,2022-05-01 12:46:28,11,10,3968
3970,2,2022-05-01 12:46:28,10,9,
3971,8,2022-05-01 12:46:28,10,9,3970
3972,3,2022-05-01 12:46:29,4,4,
3973,12,2022-05-01 12:46:29,4,4,3972
3974,4,2022-05-01 12:46:32,2,3,
3975,9,2022-05-01 12:46:32,2,3,3974
3976,6,2022-05-01 12:46:46,11,10,
3977,10,2022-05-01 12:46:46,11,10,3976
3978,4,2022-05-01 12:47:11,12,11,
3979,9,2022-05-01 12:47:11,12,11,3978
3980,2,2022-05-01 12:47:33,12,11,
3981,11,2022-05-01 12:47:33,12,11,3980
3982,6,2022-05-01 12:47:34,8,8,
3983,11,2022-05-01 12:47:34,8,8,3982
3984,2,2022-05-01 12:47:42,6,12,
3985,12,2022-05-01 12:47:42,6,12,3984
3986,5,2022-05-01 12:47:44,8,8,
3987,10,2022-05-01 12:47:44,8,8,3986
3988,2,2022-05-01 12:47:44,12,11,
3989,11,2022-05-01 12:47:44,12,11,3988
3990,5,2022-05-01 12:47:50,8,8,
3991,10,2022-05-01 12:47:50,8,8,3990
3992,3,2022-05-01 12:47:53,12,11,
3993,11,2022-05-01 12:47:53,12,11,3992
3994,2,2022-05-01 12:47:56,2,3,
3995,10,2022-05-01 12:47:56,2,3,3994
3996,5,2022-05-01 12:47:57,8,8,
3997,10,2022-05-01 12:47:57,8,8,3996
3998,1,2022-05-01 12:48:01,2,3,
3999,10,2022-05-01 12:48:01,2,3,3998
4000,6,2022-05-01 12:48:02,8,8,
4001,10,2022-05-01 12:48:02,8,8,4000
4002,3,2022-05-01 12:48:05,11,10,
4003,10,2022-05-01 12:48:05,11,10,4002
4004,1,2022-05-01 12:48:05,4,17,
4005,10,2022-05-01 12:48:05,4,17,4004
4006,1,2022-05-01 12:48:06,2,3,
4007,9,2022-05-01 12:48:06,2,3,4006
4008,6,2022-05-01 12:48:09,12,11,
4009,11,2022-05-01 12:48:09,12,11,4008
4010,5,2022-05-01 12:48:14,8,8,
4011,10,2022-05-01 12:48:14,8,8,4010
4012,6,2022-05-01 12:48:19,8,8,
4013,10,2022-05-01 12:48:19,8,8,4012
4014,1,2022-05-01 12:48:20,4,17,
4015,11,2022-05-01 12:48:20,4,17,4014
4016,1,2022-05-01 12:48:23,4,17,
4017,11,2022-05-01 12:48:23,4,17,4016
4018,5,2022-05-01 12:48:28,8,8,
4019,12,2022-05-01 12:48:28,8,8,4018
4020,5,2022-05-01 12:48:32,8,8,
4021,12,2022-05-01 12:48:32,8,8,4020
4022,6,2022-05-01 12:48:42,11,10,
4023,11,2022-05-01 12:48:42,11,10,4022
4024,6,2022-05-01 12:48:44,4,17,
4025,11,2022-05-01 12:48:44,4,17,4024
4026,1,2022-05-01 12:48:48,2,3,
4027,7,2022-05-01 12:48:48,2,3,4026
4028,6,2022-05-01 12:48:48,11,10,
4029,11,2022-05-01 12:48:48,11,10,4028
4030,5,2022-05-01 12:48:50,8,8,
4031,10,2022-05-01 12:48:50,8,8,4030
4032,9,2022-05-01 12:48:59,4,17,
4033,5,2022-05-01 12:49:06,8,8,
4034,12,2022-05-01 12:49:06,8,8,4033
4035,1,2022-05-01 12:49:07,4,17,
4036,11,2022-05-01 12:49:07,4,17,4035
4037,3,2022-05-01 12:49:13,7,7,
4038,10,2022-05-01 12:49:13,7,7,4037
4039,4,2022-05-01 12:49:14,4,17,
4040,7,2022-05-01 12:49:14,4,17,4039
4041,3,2022-05-01 12:49:16,7,7,
4042,10,2022-05-01 12:49:16,7,7,4041
4043,3,2022-05-01 12:49:18,7,7,
4044,10,2022-05-01 12:49:18,7,7,4043
4045,3,2022-05-01 12:49:20,7,7,
4046,10,2022-05-01 12:49:20,7,7,4045
4047,6,2022-05-01 12:49:22,4,17,
4048,12,2022-05-01 12:49:22,4,17,4047
4049,1,2022-05-01 12:49:28,4,17,
4050,11,2022-05-01 12:49:28,4,17,4049
4051,3,2022-05-01 12:49:31,7,7,
4052,10,2022-05-01 12:49:31,7,7,4051
4053,5,2022-05-01 12:49:33,4,17,
4054,11,2022-05-01 12:49:33,4,17,4053
4055,6,2022-05-01 12:49:53,7,7,
4056,10,2022-05-01 12:49:53,7,7,4055
4057,4,2022-05-01 12:49:59,7,7,
4058,10,2022-05-01 12:49:59,7,7,4057
4059,6,2022-05-01 12:50:22,7,7,
4060,12,2022-05-01 12:50:22,7,7,4059
4061,5,2022-05-01 12:50:46,2,3,
4062,12,2022-05-01 12:50:46,2,3,4061
4063,4,2022-05-01 12:50:48,4,17,
4064,10,2022-05-01 12:50:48,4,17,4063
4065,12,2022-05-01 12:50:58,4,17,
4066,3,2022-05-01 12:50:59,7,7,
4067,10,2022-05-01 12:50:59,7,7,4066
4068,4,2022-05-01 12:51:03,4,17,
4069,10,2022-05-01 12:51:03,4,17,4068
4070,6,2022-05-01 12:51:07,12,11,
4071,12,2022-05-01 12:51:07,12,11,4070
4072,4,2022-05-01 12:51:10,4,17,
4073,12,2022-05-01 12:51:10,4,17,4072
4074,2,2022-05-01 12:51:16,10,9,
4075,9,2022-05-01 12:51:16,10,9,4074
4076,3,2022-05-01 12:51:46,15,13,
4077,11,2022-05-01 12:51:46,15,13,4076
4078,12,2022-05-01 12:51:59,12,11,
4079,12,2022-05-01 12:52:03,12,11,
4080,12,2022-05-01 12:52:17,11,10,
4081,10,2022-05-01 12:52:26,11,10,
4082,2,2022-05-01 12:52:50,11,10,
4083,10,2022-05-01 12:52:50,11,10,4082
4084,4,2022-05-01 12:53:17,2,3,
4085,10,2022-05-01 12:53:17,2,3,4084
4086,4,2022-05-01 12:53:19,2,3,
4087,10,2022-05-01 12:53:19,2,3,4086
4088,1,2022-05-01 12:53:34,4,4,
4089,5,2022-05-01 12:53:42,10,9,
4090,12,2022-05-01 12:53:42,10,9,4089
4091,6,2022-05-01 12:54:47,15,13,
4092,11,2022-05-01 12:54:47,15,13,4091
4093,2,2022-05-01 12:54:56,6,13,
4094,10,2022-05-01 12:54:56,6,13,4093
4095,1,2022-05-01 12:55:31,12,11,
4096,10,2022-05-01 12:55:31,12,11,4095
4097,1,2022-05-01 12:55:34,7,7,
4098,8,2022-05-01 12:55:34,7,7,4097
4099,4,2022-05-01 12:55:34,2,3,
4100,10,2022-05-01 12:55:34,2,3,4099
4101,1,2022-05-01 12:55:41,7,7,
4102,11,2022-05-01 12:55:41,7,7,4101
4103,6,2022-05-01 12:55:59,12,11,
4104,2,2022-05-01 12:56:03,7,7,
4105,12,2022-05-01 12:56:03,7,7,4104
4106,6,2022-05-01 12:56:05,2,3,
4107,11,2022-05-01 12:56:05,2,3,4106
4108,6,2022-05-01 12:56:09,2,3,
4109,11,2022-05-01 12:56:09,2,3,4108
4110,2,2022-05-01 12:56:22,12,11,
4111,12,2022-05-01 12:56:22,12,11,4110
4112,2,2022-05-01 12:56:50,4,4,
4113,4,2022-05-01 12:57:44,12,11,
4114,12,2022-05-01 12:57:44,12,11,4113
4115,4,2022-05-01 12:57:50,12,11,
4116,10,2022-05-01 12:57:50,12,11,4115
4117,4,2022-05-01 12:58:29,12,11,
4118,11,2022-05-01 12:58:29,12,11,4117
4119,6,2022-05-01 12:58:57,16,18,
4120,12,2022-05-01 12:58:57,16,18,4119
4121,1,2022-05-01 12:59:16,6,6,
4122,7,2022-05-01 12:59:16,6,6,4121
4123,6,2022-05-01 12:59:47,12,11,
4124,12,2022-05-01 12:59:47,12,11,4123
4125,5,2022-05-01 12:59:53,9,4,
4126,9,2022-05-01 12:59:53,9,4,4125
4127,1,2022-05-01 13:00:01,9,4,
4128,12,2022-05-01 13:00:01,9,4,4127
